obj_a,obj_b,rho,keep,consider_dropping
nyc_delivery_deficit_cvar90_pct,nyc_delivery_deficit_max_pct,1.0,nyc_delivery_deficit_cvar90_pct,nyc_delivery_deficit_max_pct
montague_flow_reliability_weekly,downstream_flood_days_action,-1.0,montague_flow_reliability_weekly,downstream_flood_days_action
montague_flow_deficit_cvar90_pct,montague_flow_deficit_max_pct,1.0,montague_flow_deficit_cvar90_pct,montague_flow_deficit_max_pct
montague_flow_reliability_weekly,montague_flow_deficit_cvar90_pct,-1.0,montague_flow_reliability_weekly,montague_flow_deficit_cvar90_pct
montague_flow_reliability_weekly,montague_flow_deficit_max_pct,-1.0,montague_flow_reliability_weekly,montague_flow_deficit_max_pct
nyc_storage_p5_pct,nyc_storage_min_pct,1.0,nyc_storage_p5_pct,nyc_storage_min_pct
trenton_flow_reliability_weekly,nyc_storage_p5_pct,-1.0,trenton_flow_reliability_weekly,nyc_storage_p5_pct
trenton_flow_deficit_cvar90_pct,nyc_storage_p5_pct,1.0,nyc_storage_p5_pct,trenton_flow_deficit_cvar90_pct
trenton_flow_deficit_cvar90_pct,nyc_storage_min_pct,1.0,trenton_flow_deficit_cvar90_pct,nyc_storage_min_pct
montague_flow_deficit_cvar90_pct,downstream_flood_days_action,1.0,montague_flow_deficit_cvar90_pct,downstream_flood_days_action
trenton_flow_reliability_weekly,nyc_storage_min_pct,-1.0,trenton_flow_reliability_weekly,nyc_storage_min_pct
trenton_flow_reliability_weekly,trenton_flow_deficit_cvar90_pct,-1.0,trenton_flow_reliability_weekly,trenton_flow_deficit_cvar90_pct
montague_flow_deficit_max_pct,downstream_flood_days_action,1.0,downstream_flood_days_action,montague_flow_deficit_max_pct
nyc_delivery_deficit_cvar90_pct,downstream_flood_days_action,-0.8660254037844387,nyc_delivery_deficit_cvar90_pct,downstream_flood_days_action
nyc_delivery_deficit_cvar90_pct,montague_flow_deficit_max_pct,-0.8660254037844387,nyc_delivery_deficit_cvar90_pct,montague_flow_deficit_max_pct
nyc_delivery_deficit_cvar90_pct,montague_flow_deficit_cvar90_pct,-0.8660254037844387,nyc_delivery_deficit_cvar90_pct,montague_flow_deficit_cvar90_pct
nyc_delivery_deficit_cvar90_pct,montague_flow_reliability_weekly,0.8660254037844387,montague_flow_reliability_weekly,nyc_delivery_deficit_cvar90_pct
montague_flow_reliability_weekly,trenton_flow_deficit_cvar90_pct,-0.8660254037844387,montague_flow_reliability_weekly,trenton_flow_deficit_cvar90_pct
nyc_delivery_deficit_max_pct,downstream_flood_days_action,-0.8660254037844387,downstream_flood_days_action,nyc_delivery_deficit_max_pct
nyc_delivery_deficit_max_pct,montague_flow_reliability_weekly,0.8660254037844387,montague_flow_reliability_weekly,nyc_delivery_deficit_max_pct
nyc_delivery_deficit_max_pct,montague_flow_deficit_cvar90_pct,-0.8660254037844387,montague_flow_deficit_cvar90_pct,nyc_delivery_deficit_max_pct
montague_flow_deficit_cvar90_pct,nyc_storage_p5_pct,0.8660254037844387,montague_flow_deficit_cvar90_pct,nyc_storage_p5_pct
montague_flow_deficit_cvar90_pct,trenton_flow_deficit_cvar90_pct,0.8660254037844387,montague_flow_deficit_cvar90_pct,trenton_flow_deficit_cvar90_pct
montague_flow_deficit_cvar90_pct,trenton_flow_reliability_weekly,-0.8660254037844387,trenton_flow_reliability_weekly,montague_flow_deficit_cvar90_pct
montague_flow_reliability_weekly,nyc_storage_min_pct,-0.8660254037844387,montague_flow_reliability_weekly,nyc_storage_min_pct
montague_flow_reliability_weekly,nyc_storage_p5_pct,-0.8660254037844387,montague_flow_reliability_weekly,nyc_storage_p5_pct
nyc_delivery_deficit_max_pct,montague_flow_deficit_max_pct,-0.8660254037844387,nyc_delivery_deficit_max_pct,montague_flow_deficit_max_pct
montague_flow_reliability_weekly,trenton_flow_reliability_weekly,0.8660254037844387,montague_flow_reliability_weekly,trenton_flow_reliability_weekly
montague_flow_deficit_max_pct,trenton_flow_reliability_weekly,-0.8660254037844387,trenton_flow_reliability_weekly,montague_flow_deficit_max_pct
trenton_flow_reliability_weekly,downstream_flood_days_action,-0.8660254037844387,trenton_flow_reliability_weekly,downstream_flood_days_action
montague_flow_deficit_max_pct,nyc_storage_min_pct,0.8660254037844387,montague_flow_deficit_max_pct,nyc_storage_min_pct
montague_flow_deficit_max_pct,nyc_storage_p5_pct,0.8660254037844387,nyc_storage_p5_pct,montague_flow_deficit_max_pct
montague_flow_deficit_max_pct,trenton_flow_deficit_cvar90_pct,0.8660254037844387,trenton_flow_deficit_cvar90_pct,montague_flow_deficit_max_pct
montague_flow_deficit_cvar90_pct,nyc_storage_min_pct,0.8660254037844387,montague_flow_deficit_cvar90_pct,nyc_storage_min_pct
trenton_flow_deficit_cvar90_pct,downstream_flood_days_action,0.8660254037844387,trenton_flow_deficit_cvar90_pct,downstream_flood_days_action
downstream_flood_days_action,nyc_storage_p5_pct,0.8660254037844387,nyc_storage_p5_pct,downstream_flood_days_action
downstream_flood_days_action,nyc_storage_min_pct,0.8660254037844387,downstream_flood_days_action,nyc_storage_min_pct
